Errors,
0.298371, 
0.291028, 
0.283547, 
0.275943, 
0.268233, 
0.260434, 
0.252569, 
0.24466, 
0.236731, 
0.228809, 
0.220919, 
0.213087, 
0.205341, 
0.197706, 
0.190205, 
0.18286, 
0.175693, 
0.16872, 
0.161957, 
0.155416, 
0.149106, 
0.143034, 
0.137205, 
0.13162, 
0.126279, 
0.12118, 
0.116318, 
0.111689, 
0.107285, 
0.103101, 
0.0991265, 
0.0953543, 
0.0917755, 
0.0883809, 
0.0851618, 
0.0821091, 
0.079214, 
0.0764683, 
0.0738635, 
0.0713918, 
0.0690455, 
0.0668175, 
0.0647009, 
0.0626891, 
0.060776, 
0.0589558, 
0.057223, 
0.0555725, 
0.0539994, 
0.0524992, 
