Errors,
0.298371, 
0.294708, 
0.29101, 
0.287277, 
0.283512, 
0.279716, 
0.275892, 
0.272042, 
0.268168, 
0.264273, 
0.260359, 
0.256429, 
0.252486, 
0.248532, 
0.244571, 
0.240607, 
0.236641, 
0.232678, 
0.22872, 
0.224772, 
0.220836, 
0.216915, 
0.213014, 
0.209134, 
0.20528, 
0.201455, 
0.19766, 
0.193901, 
0.190178, 
0.186495, 
0.182855, 
0.179259, 
0.17571, 
0.17221, 
0.168762, 
0.165365, 
0.162024, 
0.158737, 
0.155508, 
0.152336, 
0.149223, 
0.14617, 
0.143177, 
0.140244, 
0.137371, 
0.13456, 
0.131809, 
0.129119, 
0.12649, 
0.12392, 
0.12141, 
0.118959, 
0.116566, 
0.114231, 
0.111953, 
0.109731, 
0.107564, 
0.105451, 
0.103391, 
0.101384, 
0.0994275, 
0.0975213, 
0.0956642, 
0.0938549, 
0.0920925, 
0.0903757, 
0.0887035, 
0.0870749, 
0.0854886, 
0.0839435, 
0.0824387, 
0.0809731, 
0.0795454, 
0.0781549, 
0.0768003, 
0.0754808, 
0.0741952, 
0.0729427, 
0.0717223, 
0.0705331, 
0.0693742, 
0.0682446, 
0.0671436, 
0.0660703, 
0.0650239, 
0.0640035, 
0.0630085, 
0.0620381, 
0.0610914, 
0.060168, 
0.0592669, 
0.0583877, 
0.0575295, 
0.0566919, 
0.0558742, 
0.0550758, 
0.0542961, 
0.0535347, 
0.0527909, 
0.0520642, 
