Errors,
0.298371, 
0.291028, 
0.283547, 
0.275943, 
0.268233, 
0.260434, 
0.252569, 
0.24466, 
0.236731, 
0.228809, 
0.220919, 
0.213087, 
0.205341, 
0.197706, 
0.190205, 
0.18286, 
0.175693, 
0.16872, 
0.161957, 
0.155416, 
0.149106, 
0.143034, 
0.137205, 
0.13162, 
0.126279, 
0.12118, 
0.116318, 
0.111689, 
0.107285, 
0.103101, 
0.0991265, 
0.0953543, 
0.0917755, 
0.0883809, 
0.0851618, 
0.0821091, 
0.079214, 
0.0764683, 
0.0738635, 
0.0713918, 
0.0690455, 
0.0668175, 
0.0647009, 
0.0626891, 
0.060776, 
0.0589558, 
0.057223, 
0.0555725, 
0.0539994, 
0.0524992, 
0.0510678, 
0.049701, 
0.0483952, 
0.0471468, 
0.0459527, 
0.0448097, 
0.0437151, 
0.042666, 
0.0416601, 
0.0406949, 
0.0397684, 
0.0388783, 
0.0380228, 
0.0372002, 
0.0364086, 
0.0356465, 
0.0349125, 
0.034205, 
0.0335229, 
0.0328648, 
0.0322295, 
0.0316161, 
0.0310235, 
0.0304506, 
0.0298967, 
0.0293607, 
0.0288419, 
0.0283396, 
0.027853, 
0.0273814, 
0.0269242, 
0.0264807, 
0.0260504, 
0.0256327, 
0.0252272, 
0.0248332, 
0.0244504, 
0.0240783, 
0.0237164, 
0.0233644, 
0.0230219, 
0.0226885, 
0.022364, 
0.0220478, 
0.0217398, 
0.0214396, 
0.021147, 
0.0208617, 
0.0205834, 
0.0203118, 
